﻿<?xml version="1.0" encoding="utf-8"?>
<DisplayDriverUninstaller Version="18.1.3.9">
	<LogEntries>
		<Event>
			<Time>12/14/2025 12:27:34 AM</Time>
			<Message>The following paths are detected.</Message>
			<Values Separator=" = ">
				<KvP>
					<Key>[Found] AppExeFile</Key>
					<Value>C:\Users\PIXZ8N\Documents\GitHub\Elite-tweaking-utility\DDU v18.1.3.9\ddu.exe</Value>
				</KvP>
				<KvP>
					<Key>[Found] AppBase</Key>
					<Value>C:\Users\PIXZ8N\Documents\GitHub\Elite-tweaking-utility\DDU v18.1.3.9\</Value>
				</KvP>
				<KvP>
					<Key>[Found] Settings</Key>
					<Value>C:\Users\PIXZ8N\Documents\GitHub\Elite-tweaking-utility\DDU v18.1.3.9\Settings\</Value>
				</KvP>
				<KvP>
					<Key>[Found] Logs</Key>
					<Value>C:\Users\PIXZ8N\Documents\GitHub\Elite-tweaking-utility\DDU v18.1.3.9\DDU Logs\</Value>
				</KvP>
				<KvP>
					<Key>[Found] Language</Key>
					<Value>C:\Users\PIXZ8N\Documents\GitHub\Elite-tweaking-utility\DDU v18.1.3.9\Settings\Languages\</Value>
				</KvP>
				<KvP />
				<KvP>
					<Key>[Found] ProgramFiles</Key>
					<Value>C:\Program Files\</Value>
				</KvP>
				<KvP>
					<Key>[Found] ProgramFilesx86</Key>
					<Value>C:\Program Files (x86)\</Value>
				</KvP>
				<KvP />
				<KvP>
					<Key>[Found] Roaming</Key>
					<Value>C:\ProgramData\</Value>
				</KvP>
				<KvP>
					<Key>[Not found] AppBaseRoaming</Key>
					<Value>C:\ProgramData\DisplayDriverUninstaller\</Value>
				</KvP>
				<KvP />
				<KvP>
					<Key>[Found] SystemDrive</Key>
					<Value>C:\</Value>
				</KvP>
				<KvP>
					<Key>[Found] WinDir</Key>
					<Value>C:\Windows\</Value>
				</KvP>
				<KvP>
					<Key>[Found] UserPath</Key>
					<Value>C:\Users\</Value>
				</KvP>
				<KvP>
					<Key>[Found] System32</Key>
					<Value>C:\Windows\system32\</Value>
				</KvP>
				<KvP>
					<Key>[Found] SysWOW64</Key>
					<Value>C:\Windows\SysWOW64\</Value>
				</KvP>
			</Values>
		</Event>
		<Event>
			<Time>12/14/2025 12:27:39 AM</Time>
			<Message>System Information</Message>
			<Values Separator=" : ">
				<KvP>
					<Key>DDU Version</Key>
					<Value>18.1.3.9</Value>
				</KvP>
				<KvP>
					<Key>OS</Key>
					<Value>Windows 10</Value>
				</KvP>
				<KvP>
					<Key>Build</Key>
					<Value>19042.685</Value>
				</KvP>
				<KvP>
					<Key>Win 10 1809+ ?</Key>
					<Value>True</Value>
				</KvP>
				<KvP>
					<Key>NVIDIA App installed ?</Key>
					<Value>False</Value>
				</KvP>
				<KvP>
					<Key>NVIDIA Broadcast ?</Key>
					<Value>False</Value>
				</KvP>
				<KvP>
					<Key>Intel NPU Present ?</Key>
					<Value>False</Value>
				</KvP>
				<KvP>
					<Key>Architecture</Key>
					<Value>x64</Value>
				</KvP>
				<KvP>
					<Key>UserRights</Key>
					<Value>Admin</Value>
				</KvP>
				<KvP>
					<Key>Arguments</Key>
					<Value>&lt;empty&gt;</Value>
				</KvP>
				<KvP />
				<KvP>
					<Key>GPU #0000</Key>
					<Value>NVIDIA GeForce GTX 1650</Value>
				</KvP>
				<KvP>
					<Key>GPU DeviceID</Key>
					<Value>pci\ven_10de&amp;dev_1f91&amp;subsys_3ffb17aa</Value>
				</KvP>
				<KvP>
					<Key>Vbios</Key>
					<Value>Version90 17.40.00.30</Value>
				</KvP>
				<KvP>
					<Key>Detected Driver(s) Version(s)</Key>
					<Value>32.0.15.7688</Value>
				</KvP>
				<KvP>
					<Key>INF name</Key>
					<Value>oem0.inf</Value>
				</KvP>
				<KvP>
					<Key>INF section</Key>
					<Value>Section151</Value>
				</KvP>
				<KvP />
			</Values>
		</Event>
		<Warning>
			<Time>12/14/2025 12:27:39 AM</Time>
			<Message>We are not in Safe Mode</Message>
		</Warning>
		<Event>
			<Time>12/14/2025 12:27:39 AM</Time>
			<Message>The following third-party driver packages are installed on this computer</Message>
			<Values Separator=" = ">
				<KvP>
					<Value>C:\Windows\inf\oem0.inf</Value>
				</KvP>
				<KvP>
					<Key>Provider</Key>
					<Value>NVIDIA</Value>
				</KvP>
				<KvP>
					<Key>Class</Key>
					<Value>Display</Value>
				</KvP>
				<KvP />
				<KvP>
					<Value>C:\Windows\inf\oem1.inf</Value>
				</KvP>
				<KvP>
					<Key>Provider</Key>
					<Value>Nefarius Software Solutions e.U.</Value>
				</KvP>
				<KvP>
					<Key>Class</Key>
					<Value>System</Value>
				</KvP>
				<KvP />
				<KvP>
					<Value>C:\Windows\inf\oem10.inf</Value>
				</KvP>
				<KvP>
					<Key>Provider</Key>
					<Value>Nefarius Software Solutions e.U.</Value>
				</KvP>
				<KvP>
					<Key>Class</Key>
					<Value>System</Value>
				</KvP>
				<KvP />
				<KvP>
					<Value>C:\Windows\inf\oem11.inf</Value>
				</KvP>
				<KvP>
					<Key>Provider</Key>
					<Value>Valve Corporation</Value>
				</KvP>
				<KvP>
					<Key>Class</Key>
					<Value>MEDIA</Value>
				</KvP>
				<KvP />
				<KvP>
					<Value>C:\Windows\inf\oem12.inf</Value>
				</KvP>
				<KvP>
					<Key>Provider</Key>
					<Value>Disc Soft Ltd</Value>
				</KvP>
				<KvP>
					<Key>Class</Key>
					<Value>System</Value>
				</KvP>
				<KvP />
				<KvP>
					<Value>C:\Windows\inf\oem13.inf</Value>
				</KvP>
				<KvP>
					<Key>Provider</Key>
					<Value>Disc Soft Ltd</Value>
				</KvP>
				<KvP>
					<Key>Class</Key>
					<Value>NetService</Value>
				</KvP>
				<KvP />
				<KvP>
					<Value>C:\Windows\inf\oem2.inf</Value>
				</KvP>
				<KvP>
					<Key>Provider</Key>
					<Value>Blackmagic Design</Value>
				</KvP>
				<KvP>
					<Key>Class</Key>
					<Value>Media</Value>
				</KvP>
				<KvP />
				<KvP>
					<Value>C:\Windows\inf\oem3.inf</Value>
				</KvP>
				<KvP>
					<Key>Provider</Key>
					<Value>Benjamin Hoeglinger-Stelzer</Value>
				</KvP>
				<KvP>
					<Key>Class</Key>
					<Value>System</Value>
				</KvP>
				<KvP />
				<KvP>
					<Value>C:\Windows\inf\oem4.inf</Value>
				</KvP>
				<KvP>
					<Key>Provider</Key>
					<Value>Adobe</Value>
				</KvP>
				<KvP>
					<Key>Class</Key>
					<Value>Printer</Value>
				</KvP>
				<KvP />
				<KvP>
					<Value>C:\Windows\inf\oem5.inf</Value>
				</KvP>
				<KvP>
					<Key>Provider</Key>
					<Value>Microsoft</Value>
				</KvP>
				<KvP>
					<Key>Class</Key>
					<Value>Printer</Value>
				</KvP>
				<KvP />
				<KvP>
					<Value>C:\Windows\inf\oem6.inf</Value>
				</KvP>
				<KvP>
					<Key>Provider</Key>
					<Value>Microsoft</Value>
				</KvP>
				<KvP>
					<Key>Class</Key>
					<Value>Printer</Value>
				</KvP>
				<KvP />
				<KvP>
					<Value>C:\Windows\inf\oem7.inf</Value>
				</KvP>
				<KvP>
					<Key>Provider</Key>
					<Value>Iriun</Value>
				</KvP>
				<KvP>
					<Key>Class</Key>
					<Value>MEDIA</Value>
				</KvP>
				<KvP />
				<KvP>
					<Value>C:\Windows\inf\oem8.inf</Value>
				</KvP>
				<KvP>
					<Key>Provider</Key>
					<Value>Iriun</Value>
				</KvP>
				<KvP>
					<Key>Class</Key>
					<Value>Camera</Value>
				</KvP>
				<KvP />
				<KvP>
					<Value>C:\Windows\inf\oem9.inf</Value>
				</KvP>
				<KvP>
					<Key>Provider</Key>
					<Value>Shaul Eizikovich</Value>
				</KvP>
				<KvP>
					<Key>Class</Key>
					<Value>HIDClass</Value>
				</KvP>
				<KvP />
			</Values>
		</Event>
		<Event>
			<Time>12/14/2025 12:28:11 AM</Time>
			<Message>Trying to impersonate the SYSTEM account... SUCCESS !</Message>
			<Values Separator=" : ">
				<KvP>
					<Key>Number of process to check</Key>
					<Value>190</Value>
				</KvP>
				<KvP>
					<Key>winlogon</Key>
					<Value>S-1-5-18</Value>
				</KvP>
				<KvP>
					<Key>winlogon</Key>
					<Value>SYSTEM account impersonalisation SUCCESS</Value>
				</KvP>
				<KvP>
					<Value>ThreadID : 1</Value>
				</KvP>
			</Values>
		</Event>
		<Event>
			<Time>12/14/2025 12:28:11 AM</Time>
			<Message>Trying to Revert impersonalisation of the SYSTEM account... Reverting the Impersonalisation is successful !</Message>
			<Values Separator=" : ">
				<KvP>
					<Value>ThreadID : 1</Value>
				</KvP>
				<KvP>
					<Value>Remaining impersonated threadIDs: </Value>
				</KvP>
			</Values>
		</Event>
		<Event>
			<Time>12/14/2025 12:28:57 AM</Time>
			<Message>Trying to disable search for Windows Updates</Message>
			<Values Separator=" : ">
				<KvP>
					<Key>Version</Key>
					<Value>6.4</Value>
				</KvP>
			</Values>
		</Event>
		<Event>
			<Time>12/14/2025 12:29:18 AM</Time>
			<Message>&gt;&gt; Successfully saved log to file!</Message>
		</Event>
	</LogEntries>
</DisplayDriverUninstaller>